Designator,Val,Package,Mid X,Mid Y,Rotation,Layer
C100,22u,C0805,189.19,-105.3,90.0,bottom
C101,100n,C_0402_1005Metric,183.76,-109.77,270.0,bottom
C102,100n,C_0402_1005Metric,184.79,-109.8,270.0,bottom
C103,22u,C0805,185.65,-104.47,180.0,bottom
C104,22u,C0805,150.19,-113.73,90.0,top
C105,100n,C_0402_1005Metric,149.61,-117.33,0.0,top
C106,22p,C_0402_1005Metric,146.39,-119.6,0.0,top
C107,22u,C0805,145.98,-110.31,0.0,top
C108,22u,C0805,145.96,-112.47,0.0,top
C109,22u,C0805,168.37,-113.42,90.0,top
C110,100n,C_0402_1005Metric,167.12,-117.34,0.0,top
C111,22p,C_0402_1005Metric,164.34,-119.53,0.0,top
C112,22u,C0805,164.1,-112.43,0.0,top
C113,22u,C0805,164.1,-110.28,0.0,top
C114,22u,C0805,133.95,-113.59,90.0,top
C115,100n,C_0402_1005Metric,132.93,-117.32,0.0,top
C116,22p,C_0402_1005Metric,129.95,-119.47,0.0,top
C117,22u,C0805,129.8,-110.28,0.0,top
C118,22u,C0805,129.77,-112.36,0.0,top
C119,22u,C0805,187.35,-113.63,90.0,top
C120,4u7,C_0402_1005Metric,185.8,-117.38,0.0,top
C121,22p,C_0402_1005Metric,182.77,-119.51,0.0,top
C122,22u,C0805,182.27,-112.24,0.0,top
C123,22u,C0805,182.27,-110.16,0.0,top
C124,22u,C0805,125.15,-67.37,90.0,top
C125,4u7,C_0402_1005Metric,129.68,-64.8,0.0,top
C126,4u7,C_0402_1005Metric,127.4,-67.27,90.0,top
C127,22u,C0805,130.84,-71.38,0.0,top
C128,4u7,C_0402_1005Metric,127.4,-69.54,-90.0,top
C129,4u7,C_0402_1005Metric,132.67,-65.68,180.0,top
C130,"1nf,250v",C_1206_3216Metric,202.305,-79.15,0.0,bottom
C200,100u,C_1206_3216Metric,138.935,-111.93,0.0,bottom
C201,4u7,C_0402_1005Metric,153.26,-91.77,180.0,bottom
C202,470n,C0201,151.75,-91.46,270.0,bottom
C203,470n,C0201,152.880919,-90.350919,45.0,bottom
C204,100u,C_1206_3216Metric,138.845,-106.49,0.0,bottom
C205,4u7,C_0402_1005Metric,153.49,-97.08,270.0,bottom
C206,470n,C0201,153.41,-93.08,90.0,bottom
C207,470n,C0201,152.2,-97.05,270.0,bottom
C208,470n,C0201,153.43,-94.69,90.0,bottom
C209,100u,C_1206_3216Metric,137.81,-67.395,90.0,top
C210,4u7,C_0402_1005Metric,146.86,-86.36,0.0,bottom
C211,470n,C0201,147.4,-101.36,315.0,bottom
C212,100u,C_1206_3216Metric,169.425,-111.0,180.0,bottom
C213,4u7,C_0402_1005Metric,154.85,-86.37,0.0,bottom
C214,470n,C0201,149.26,-94.11,0.0,bottom
C215,470n,C0201,148.8,-89.53,45.0,bottom
C216,4u7,C_0402_1005Metric,146.14,-83.61,90.0,bottom
C217,470n,C0201,150.08,-90.56,180.0,bottom
C218,470n,C0201,150.08,-92.11,180.0,bottom
C219,470n,C0201,151.23,-95.9,180.0,bottom
C220,4u7,C_0402_1005Metric,151.97,-93.91,90.0,bottom
C221,100u,C_1206_3216Metric,193.135,-114.97,0.0,bottom
C222,470n,C0201,150.0,-97.43,0.0,bottom
C223,4u7,C_0402_1005Metric,150.05,-98.21,0.0,bottom
C224,100u,C_1206_3216Metric,193.005,-117.78,0.0,bottom
C225,470n,C0201,144.92,-93.62,45.0,bottom
C226,470n,C0201,146.4,-98.32,90.0,bottom
C227,470n,C0201,147.21,-97.52,180.0,bottom
C228,470n,C0201,145.53,-87.11,180.0,bottom
C229,4u7,C_0402_1005Metric,144.15,-95.24,0.0,bottom
C230,100u,C_1206_3216Metric,120.025,-92.0,180.0,top
C231,470n,C0201,148.079081,-93.450919,135.0,bottom
C232,4u7,C_0402_1005Metric,149.19,-95.9,180.0,bottom
C233,100u,C_1206_3216Metric,138.895,-108.99,0.0,bottom
C234,100u,C_1206_3216Metric,170.495,-69.76,0.0,top
C235,100u,C_1206_3216Metric,137.91,-63.325,270.0,bottom
C236,4u7,C_0402_1005Metric,156.41,-95.05,180.0,bottom
C237,4u7,C_0402_1005Metric,158.99,-90.51,270.0,bottom
C238,470n,C0201,153.24,-100.53,0.0,bottom
C239,470n,C0201,158.17,-90.67,270.0,bottom
C240,470n,C0201,159.02,-88.34,270.0,bottom
C241,470n,C0201,155.6,-93.27,0.0,bottom
C242,470n,C0201,150.84,-99.83,0.0,bottom
C243,470n,C0201,155.57,-97.3,180.0,bottom
C244,470n,C0201,156.45,-98.95,0.0,bottom
C245,470n,C0201,148.5,-98.06,0.0,bottom
C246,4u7,C_0402_1005Metric,157.24,-100.68,180.0,bottom
C247,4u7,C_0402_1005Metric,153.18,-99.21,0.0,bottom
C248,100u,C_1206_3216Metric,174.645,-111.12,0.0,bottom
C300,100n,C_0402_1005Metric,192.96,-67.41,180.0,top
C301,4u7,C_0402_1005Metric,198.29,-113.05,90.0,bottom
C302,4u7,C_0402_1005Metric,197.28,-113.07,90.0,bottom
C303,4u7,C_0402_1005Metric,181.71,-97.32,90.0,top
C304,100n,C_0402_1005Metric,180.57,-97.29,90.0,top
C305,4u7,C_0402_1005Metric,181.73,-99.52,90.0,top
C306,100n,C_0402_1005Metric,180.58,-99.51,90.0,top
C307,100n,C_0402_1005Metric,166.67,-105.35,180.0,top
C308,100n,C_0402_1005Metric,176.71,-105.32,0.0,top
C309,100n,C_0402_1005Metric,180.53,-94.97,90.0,top
C310,100n,C_0402_1005Metric,173.41,-90.45,180.0,top
C311,100n,C_0402_1005Metric,168.75,-90.41,180.0,top
C312,100n,C_0402_1005Metric,164.88,-99.7,-90.0,top
C313,100n,C_0402_1005Metric,171.29,-105.36,180.0,top
C314,100n,C_0402_1005Metric,168.88,-105.34,0.0,top
C315,4u7,C_0402_1005Metric,164.86,-95.48,90.0,top
C316,100n,C_0402_1005Metric,169.36,-105.73,270.0,bottom
C318,100n,C_0402_1005Metric,181.21,-106.64,0.0,top
C400,100n,C_0402_1005Metric,151.23,-89.89,90.0,bottom
C401,100n,C_0402_1005Metric,120.92,-112.52,90.0,top
C402,100n,C_0402_1005Metric,182.67,-116.9,0.0,bottom
C403,100n,C_0402_1005Metric,180.86,-113.47,180.0,bottom
C404,100n,C_0402_1005Metric,149.35,-72.0,90.0,top
C405,100n,C_0402_1005Metric,142.39,-81.38,0.0,bottom
C406,100n,C_0402_1005Metric,159.68,-69.76,90.0,bottom
C407,2u2,C_0402_1005Metric,155.43,-73.84,90.0,bottom
C408,100n,C_0402_1005Metric,156.52,-73.85,90.0,bottom
C409,2u2,C_0402_1005Metric,159.57,-73.79,270.0,bottom
C410,100n,C_0402_1005Metric,156.18,-71.18,0.0,bottom
C412,2u2,C_0402_1005Metric,164.11,-74.35,90.0,top
C413,100n,C_0402_1005Metric,160.66,-73.81,270.0,bottom
C600,47n,C0201,116.44,-80.99,0.0,bottom
C601,47n,C0201,127.65,-78.86,90.0,bottom
C602,47n,C0201,116.45,-83.31,0.0,bottom
C603,47n,C0201,126.01,-78.82,90.0,bottom
C604,470n,C0201,116.42,-92.9,0.0,bottom
C605,470n,C0201,116.44,-90.52,0.0,bottom
C606,470n,C0201,116.42,-88.16,0.0,bottom
C607,470n,C0201,116.45,-85.7,0.0,bottom
C608,4u7,C_0402_1005Metric,129.27,-78.59,90.0,bottom
C609,4u7,C_0402_1005Metric,116.21,-79.15,0.0,bottom
C610,4u7,C_0402_1005Metric,116.23,-87.04,0.0,bottom
C611,4u7,C_0402_1005Metric,116.26,-95.3,0.0,bottom
C612,47n,C0201,148.03,-91.9,270.0,bottom
C613,47n,C0201,148.01,-95.14,135.0,bottom
C700,47n,C0201,126.46,-88.5,0.0,bottom
C701,47n,C0201,130.15,-81.28,180.0,bottom
C702,4u7,C_0402_1005Metric,122.54,-80.37,180.0,top
C703,470n,C0201,122.57,-81.22,0.0,bottom
C704,47n,C0201,124.47,-81.6,0.0,bottom
C705,47n,C0201,126.87,-82.34,0.0,bottom
C706,47n,C0201,128.51,-82.32,0.0,bottom
C707,47n,C0201,131.8,-81.27,180.0,bottom
C708,47n,C0201,133.33,-81.29,0.0,bottom
C709,47n,C0201,134.9,-81.29,0.0,bottom
C710,47n,C0201,132.4,-83.46,0.0,bottom
C711,47n,C0201,134.29,-84.12,270.0,bottom
C712,4u7,C0201,123.49,-91.05,0.0,top
C713,470n,C0201,122.8,-89.95,0.0,bottom
C714,47n,C0201,124.48,-89.94,0.0,bottom
C715,47n,C0201,127.71,-89.07,180.0,bottom
C716,47n,C0201,130.05,-89.99,180.0,bottom
C717,47n,C0201,131.71,-90.01,0.0,bottom
C718,47n,C0201,133.7,-90.12,180.0,bottom
C719,47n,C0201,135.77,-88.88,270.0,bottom
C720,47n,C0201,129.88,-88.11,270.0,bottom
C721,47n,C0201,132.44,-88.03,180.0,bottom
C722,47n,C0201,126.37,-104.13,0.0,bottom
C723,47n,C0201,130.05,-96.96,180.0,bottom
C724,4u7,C_0402_1005Metric,122.58,-96.0,180.0,top
C725,470n,C_0201_0603Metric,122.57,-97.0,0.0,bottom
C726,47n,C_0201_0603Metric,124.33,-96.97,0.0,bottom
C727,47n,C_0201_0603Metric,126.74,-97.95,0.0,bottom
C728,47n,C_0201_0603Metric,128.34,-97.97,0.0,bottom
C729,47n,C_0201_0603Metric,131.7,-96.94,180.0,bottom
C730,47n,C_0201_0603Metric,133.33,-96.95,0.0,bottom
C731,47n,C_0201_0603Metric,134.87,-96.95,0.0,bottom
C732,47n,C_0201_0603Metric,132.36,-99.1,0.0,bottom
C733,47n,C_0201_0603Metric,134.15,-99.755,270.0,bottom
C734,4u7,C_0402_1005Metric,122.7,-106.43,0.0,bottom
C735,470n,C_0201_0603Metric,122.74,-105.57,0.0,bottom
C736,47n,C_0201_0603Metric,124.35,-105.58,0.0,bottom
C737,47n,C_0201_0603Metric,127.6,-104.8,180.0,bottom
C738,47n,C_0201_0603Metric,130.01,-105.79,180.0,bottom
C739,47n,C_0201_0603Metric,131.62,-105.77,0.0,bottom
C740,47n,C_0201_0603Metric,133.56,-105.75,180.0,bottom
C741,47n,C_0201_0603Metric,134.63,-104.65,270.0,bottom
C742,47n,C_0201_0603Metric,129.79,-103.79,270.0,bottom
C743,47n,C_0201_0603Metric,132.5,-103.62,180.0,bottom
C800,4u7,C_0402_1005Metric,174.34,-82.85,0.0,bottom
C801,100n,C_0402_1005Metric,176.63,-82.86,180.0,bottom
C802,100n,C_0402_1005Metric,176.62,-81.67,180.0,bottom
C803,100n,C_0402_1005Metric,176.59,-79.42,180.0,bottom
C804,100n,C_0402_1005Metric,181.95,-81.7,0.0,bottom
C805,100n,C_0402_1005Metric,181.96,-80.35,0.0,bottom
C806,100n,C_0402_1005Metric,180.09,-83.62,90.0,bottom
C807,100n,C_0402_1005Metric,182.71,-84.78,-90.0,top
C808,100n,C_0402_1005Metric,183.47,-77.78,90.0,top
C809,4u7,C_0402_1005Metric,171.89,-82.31,-90.0,top
C810,100n,C_0402_1005Metric,170.75,-82.29,-90.0,top
C811,100n,C_0402_1005Metric,180.07,-89.63,90.0,top
C812,4u7,C_0402_1005Metric,186.34,-89.22,90.0,bottom
C813,100n,C_0402_1005Metric,187.38,-89.21,90.0,bottom
C814,100n,C_0402_1005Metric,181.98,-89.29,90.0,bottom
C815,4u7,C_0402_1005Metric,183.17,-89.25,90.0,bottom
C816,4u7,C_0402_1005Metric,185.74,-76.79,180.0,bottom
C817,100n,C_0402_1005Metric,185.71,-75.85,180.0,bottom
C818,100n,C_0402_1005Metric,185.72,-79.03,180.0,bottom
C819,4u7,C_0402_1005Metric,185.73,-78.07,180.0,bottom
C900,100n,C_0402_1005Metric,197.23,-92.37,90.0,top
C901,100n,C_0402_1005Metric,192.28,-97.65,0.0,bottom
C902,100n,C_0402_1005Metric,190.23,-95.07,270.0,bottom
C903,100n,C_0402_1005Metric,188.19,-95.1,270.0,bottom
C904,100n,C_0402_1005Metric,189.2,-95.09,270.0,bottom
C905,4u7,C_0402_1005Metric,196.09,-101.76,90.0,top
C906,4u7,C_0402_1005Metric,197.23,-101.77,90.0,top
C907,4u7,C_0402_1005Metric,194.82,-103.88,90.0,top
C908,4u7,C_0402_1005Metric,194.99,-101.76,90.0,top
D100,PMEG1030EJ,SOD-323_L1.8-W1.3-LS2.5-RD,191.11,-110.38,0.0,top
D101,RED,LED_0402_RED,191.61,-115.49,0.0,top
D300,RED,LED_0402_RED,153.63,-107.02,0.0,top
D301,Varistor,C0402,185.74,-67.93,90.0,top
D302,Varistor,C0402,188.36,-67.95,90.0,top
D303,Varistor,D_0402_1005Metric,190.78,-67.925,90.0,top
D304,Varistor,D_0402_1005Metric,183.04,-67.945,90.0,top
D305,PMEG1030EJ,SOD-323_L1.8-W1.3-LS2.5-RD,196.81,-109.6,270.0,bottom
D306,Varistor,D_0402_1005Metric,202.5175,-103.32,180.0,bottom
D307,Varistor,D_0402_1005Metric,200.5,-103.34,0.0,bottom
D308,RED,LED_0402_RED,162.11,-107.83,0.0,top
D309,RED,LED_0402_RED,163.31,-106.28,180.0,top
D400,RED,LED_0402_RED,134.86,-73.3,180.0,top
D500,RED,LED_0402_RED,161.59,-104.0,-90.0,top
D900,Varistor,C0402,197.34,-98.93,270.0,bottom
D901,Varistor,C0402,197.34,-96.75,90.0,bottom
D902,Varistor,C0402,196.06,-94.87,90.0,top
D903,PMEG1030EJ,SOD-323_L1.8-W1.3-LS2.5-RD,194.28,-104.28,90.0,bottom
FB200,120R,FB_0402,145.07,-83.6,90.0,bottom
FB300,120R,FB_0402,197.77,-114.55,0.0,bottom
FB301,120R,FB_0402,182.75,-97.31,-90.0,top
FB302,120R,FB_0402,182.78,-99.52,-90.0,top
FB800,120R,FB_0402,184.67,-89.69,0.0,bottom
FB801,120R,FB_0402,184.2,-77.49,90.0,bottom
FB900,120R,FB_0402,196.76,-103.37,0.0,top
J100,CON-SOCJ-2155,DC-IN-TH_DC005-T20,197.49,-108.8675,180.0,top
J1000,10144518-082802LF,10144518-082802LF,159.02,-64.31,0.0,bottom
J1001,10144518-082802LF,10144518-082802LF,159.14,-117.68,0.0,bottom
J300,Digilent HS2 Header,DIGILENT_HS2,187.95,-64.74,90.0,top
J301,USB-MICRO-B,MICRO-USB-SMD_5P-P0.65-H-M_MICRO-USB-5P,205.0675,-109.69,270.0,bottom
J800,HR911130A,HR911130A,195.6925,-80.78,-90.0,top
J900,U-M-M5DW-W-1,MINI-USB-TH_U-M-M5DW-W-1,201.55,-97.38,90.0,top
L100,2uh2,IND-SMD_L4.4-W4.1,140.51,-113.21,90.0,top
L101,2uh2,IND-SMD_L4.4-W4.1,158.61,-112.96,90.0,top
L102,2uh2,IND-SMD_L4.4-W4.1,124.45,-113.12,90.0,top
L103,2uh2,IND-SMD_L4.4-W4.1,176.73,-113.02,90.0,top
L800,3uh3,L_0603_1608Metric,173.61,-82.67,90.0,top
Q100,T2N7002AK,SOT-23,192.27,-118.2125,90.0,top
Q300,T2N7002AK,SOT-23,150.2825,-107.55,0.0,top
Q400,T2N7002AK,SOT-23,132.9,-76.0325,90.0,top
Q500,T2N7002AK,SOT-23,159.27,-105.4525,90.0,top
R100,100k,R_0402_1005Metric,183.74,-111.37,0.0,bottom
R101,12K,R_0402_1005Metric,187.07,-109.82,270.0,bottom
R102,4K7,R_0402_1005Metric,185.94,-109.81,90.0,bottom
R103,12K,R_0402_1005Metric,149.61,-119.56,0.0,top
R104,100K,R_0402_1005Metric,149.62,-118.42,180.0,top
R105,12K,R_0402_1005Metric,143.98,-117.37,90.0,top
R106,68K,R_0402_1005Metric,146.39,-118.52,180.0,top
R107,100K,R_0402_1005Metric,146.41,-117.42,0.0,top
R108,12K,R_0402_1005Metric,167.11,-119.5,0.0,top
R109,100K,R_0402_1005Metric,167.11,-118.42,180.0,top
R110,12K,R_0402_1005Metric,161.85,-117.13,90.0,top
R111,200K,R_0402_1005Metric,164.35,-118.46,180.0,top
R112,100K,R_0402_1005Metric,164.33,-117.35,0.0,top
R113,12K,R_0402_1005Metric,132.94,-119.41,0.0,top
R114,100K,R_0402_1005Metric,132.94,-118.35,180.0,top
R115,12K,R_0402_1005Metric,127.47,-117.38,90.0,top
R116,124K,R_0402_1005Metric,129.97,-118.41,180.0,top
R117,100K,R_0402_1005Metric,129.98,-117.31,0.0,top
R118,12K,R_0402_1005Metric,185.8,-119.51,0.0,top
R119,100K,R_0402_1005Metric,185.81,-118.43,180.0,top
R120,12K,R_0402_1005Metric,180.03,-117.36,90.0,top
R121,453K,R_0402_1005Metric,182.77,-118.44,180.0,top
R122,100K,R_0402_1005Metric,182.77,-117.39,0.0,top
R123,12K,R_0402_1005Metric,189.6,-119.2,90.0,top
R124,510,R_0402_1005Metric,191.64,-114.15,0.0,top
R125,12K,R_0402_1005Metric,135.27,-64.25,180.0,top
R126,100k,R_0402_1005Metric,135.29,-65.42,180.0,top
R127,1k,R_0402_1005Metric,129.66,-63.73,180.0,top
R128,DNP_1M,C_1206_3216Metric,202.285,-82.13,0.0,bottom
R300,4K7,R_0402_1005Metric,184.44,-70.01,-90.0,top
R301,4K7,R_0402_1005Metric,181.76,-70.08,90.0,top
R302,4K7,R_0402_1005Metric,150.98,-104.8,0.0,top
R303,4K7,R_0402_1005Metric,148.97,-104.79,180.0,top
R304,4K7,R_0402_1005Metric,122.53,-72.94,-90.0,top
R305,22R,R_0402_1005Metric,184.42,-67.93,90.0,top
R306,22R,R_0402_1005Metric,187.15,-67.915,90.0,top
R307,22R,R_0402_1005Metric,189.64,-67.905,90.0,top
R308,22R,R_0402_1005Metric,181.76,-67.93,90.0,top
R309,510,R_0402_1005Metric,153.61,-109.56,0.0,top
R310,20K,R0201,150.13,-74.24,180.0,top
R311,1k,R_0402_1005Metric,149.87,-75.23,0.0,top
R312,20K,R0201,137.46,-73.78,0.0,top
R313,1k,R_0402_1005Metric,137.73,-72.49,180.0,top
R314,20K,R0201,137.48,-74.98,0.0,top
R315,1k,R_0402_1005Metric,137.75,-76.33,180.0,top
R316,20K,R0201,150.13,-76.31,180.0,top
R317,DNP_OR,R_0402_1005Metric,149.86,-78.57,180.0,top
R318,1k,R_0402_1005Metric,149.86,-77.34,0.0,top
R319,20K,R0201,144.51,-79.41,0.0,top
R320,DNP_OR,R_0402_1005Metric,142.83,-79.93,-90.0,top
R321,1k,R_0402_1005Metric,141.47,-79.96,90.0,top
R322,100k,R_0402_1005Metric,186.05,-92.5,-90.0,top
R323,100k,R_0402_1005Metric,184.88,-92.5,90.0,top
R324,12K,R_0402_1005Metric,179.14,-108.7,90.0,bottom
R325,2K49,R_0402_1005Metric,178.03,-108.71,90.0,bottom
R326,12K,R_0402_1005Metric,178.56,-107.16,180.0,bottom
R327,12K,R_0402_1005Metric,179.29,-105.93,180.0,bottom
R328,12K,R_0402_1005Metric,177.05,-99.42,90.0,bottom
R329,22R,R_0402_1005Metric,180.94,-93.16,180.0,top
R330,22R,R_0402_1005Metric,180.92,-91.81,180.0,top
R331,22R,R_0402_1005Metric,177.12,-89.79,-90.0,top
R332,22R,R_0402_1005Metric,175.9,-89.81,-90.0,top
R333,22R,R_0402_1005Metric,173.24,-94.8,180.0,bottom
R334,22R,R_0402_1005Metric,170.28,-96.08,0.0,bottom
R335,22R,R_0402_1005Metric,170.3,-97.35,0.0,bottom
R336,510,R_0402_1005Metric,164.83,-105.86,-90.0,top
R337,510,R_0402_1005Metric,164.44,-107.87,0.0,top
R338,22R,R_0402_1005Metric,180.59,-101.75,-90.0,top
R400,12K,R_0402_1005Metric,148.98,-83.66,270.0,bottom
R401,12K,R_0402_1005Metric,147.91,-83.64,90.0,bottom
R402,12K,R_0402_1005Metric,120.87,-109.32,-90.0,top
R403,4K7,R_0402_1005Metric,182.67,-118.17,180.0,bottom
R404,20K,R0201,146.95,-83.5,270.0,bottom
R405,20K,R0201,170.24,-95.04,180.0,bottom
R406,22R,R_0402_1005Metric,164.54,-84.87,180.0,top
R407,22R,R_0402_1005Metric,164.64,-87.42,180.0,top
R408,22R,R_0402_1005Metric,164.56,-83.6,180.0,top
R409,22R,R_0402_1005Metric,164.56,-86.15,180.0,top
R410,22R,R_0402_1005Metric,164.56,-82.36,180.0,top
R411,22R,R_0402_1005Metric,164.65,-88.74,180.0,top
R412,510,R_0402_1005Metric,134.79,-70.78,180.0,top
R413,12K,R_0402_1005Metric,136.57,-77.68,0.0,top
R414,100k,R_0402_1005Metric,136.59,-78.86,180.0,top
R416,100k,R_0402_1005Metric,177.08,-67.08,90.0,top
R417,12K,R_0402_1005Metric,182.31,-75.54,90.0,top
R418,12K,R_0402_1005Metric,137.68,-70.73,0.0,top
R419,22R,R_0402_1005Metric,146.06,-80.0,-90.0,top
R420,22R,R_0402_1005Metric,146.4,-80.22,0.0,bottom
R421,10k,R_0402_1005Metric,161.25,-79.84,180.0,top
R422,10k,R_0402_1005Metric,158.53,-79.81,0.0,top
R423,10k,R_0402_1005Metric,156.07,-79.84,180.0,top
R424,10k,R_0402_1005Metric,164.08,-76.49,-90.0,top
R425,10k,R_0402_1005Metric,164.14,-70.29,90.0,top
R426,DNP_OR,R_0402_1005Metric,165.32,-70.29,-90.0,top
R427,22R,R_0402_1005Metric,151.19,-86.69,270.0,bottom
R428,DNP_OR,R_0402_1005Metric,164.14,-72.32,90.0,top
R500,1k,R_0402_1005Metric,156.1,-109.53,0.0,top
R501,100k,R_0402_1005Metric,156.88,-104.45,90.0,top
R502,12K,R_0402_1005Metric,156.86,-106.46,90.0,top
R503,510,R_0402_1005Metric,162.11,-102.43,0.0,top
R600,100R,R0201,127.65,-86.0,180.0,bottom
R601,49R9,R0201,117.98,-94.46,180.0,bottom
R602,49R9,R0201,126.81,-80.12,270.0,bottom
R603,49R9,R0201,117.99,-87.3,180.0,bottom
R604,49R9,R0201,117.94,-85.74,180.0,bottom
R605,49R9,R0201,127.64,-80.12,270.0,bottom
R606,49R9,R0201,125.99,-80.13,270.0,bottom
R607,49R9,R0201,117.98,-93.67,180.0,bottom
R608,49R9,R0201,117.98,-84.13,180.0,bottom
R609,49R9,R0201,117.96,-91.31,180.0,bottom
R610,49R9,R0201,117.98,-90.53,180.0,bottom
R611,49R9,R0201,117.98,-81.76,180.0,bottom
R612,49R9,R0201,125.22,-80.13,270.0,bottom
R613,49R9,R0201,117.96,-92.86,180.0,bottom
R614,49R9,R0201,117.96,-80.16,180.0,bottom
R615,49R9,R0201,117.97,-92.07,180.0,bottom
R616,49R9,R0201,117.97,-80.98,180.0,bottom
R617,49R9,R0201,117.98,-89.72,180.0,bottom
R618,49R9,R0201,117.98,-82.55,180.0,bottom
R619,49R9,R0201,117.98,-84.93,180.0,bottom
R620,49R9,R0201,117.98,-88.88,180.0,bottom
R621,49R9,R0201,117.96,-86.52,180.0,bottom
R622,49R9,R0201,117.99,-83.33,180.0,bottom
R623,49R9,R0201,117.98,-88.09,180.0,bottom
R624,49R9,R0201,128.42,-80.12,270.0,bottom
R625,4K7,R_0402_1005Metric,120.35,-80.34,0.0,top
R626,100R,R0201,146.43,-88.77,90.0,bottom
R627,100R,R0201,144.94,-91.93,270.0,bottom
R700,240R,R_0402_1005Metric,125.77,-91.06,0.0,top
R701,240R,R_0402_1005Metric,125.19,-106.7,0.0,top
R800,4K7,R_0402_1005Metric,169.29,-77.81,180.0,top
R801,4K7,R_0402_1005Metric,172.3,-75.92,-90.0,top
R802,DNP_4K7,R_0402_1005Metric,174.87,-73.77,90.0,top
R803,1k,R_0402_1005Metric,173.42,-73.8,-90.0,top
R804,4K7,R_0402_1005Metric,176.3,-73.78,90.0,top
R805,1k,R_0402_1005Metric,169.23,-79.08,0.0,top
R806,1k,R_0402_1005Metric,169.24,-80.28,0.0,top
R807,22R,R_0402_1005Metric,171.42,-77.81,180.0,top
R808,22R,R_0402_1005Metric,173.44,-75.91,90.0,top
R809,22R,R_0402_1005Metric,174.88,-75.91,90.0,top
R810,22R,R_0402_1005Metric,176.3,-75.94,90.0,top
R811,22R,R_0402_1005Metric,171.39,-79.08,180.0,top
R812,22R,R_0402_1005Metric,171.39,-80.28,180.0,top
R813,1k,R_0402_1005Metric,172.01,-86.69,-90.0,top
R814,1k,R_0402_1005Metric,180.35,-75.7,90.0,top
R815,22R,R_0402_1005Metric,180.07,-86.64,-90.0,top
R816,22R,R_0402_1005Metric,178.74,-86.65,-90.0,top
R817,22R,R_0402_1005Metric,177.41,-86.66,-90.0,top
R818,4K7,R_0402_1005Metric,173.38,-86.68,90.0,top
R819,4K7,R_0402_1005Metric,174.71,-86.67,-90.0,top
R820,4K7,R_0402_1005Metric,176.07,-86.66,90.0,top
R821,2K49,R_0402_1005Metric,181.4,-86.64,-90.0,top
R822,510,R_0402_1005Metric,202.76,-90.18,180.0,top
R823,510,R_0402_1005Metric,202.79,-91.37,180.0,top
R900,1k,R_0402_1005Metric,191.18,-91.49,0.0,top
R901,22R,R_0402_1005Metric,192.07,-92.92,0.0,top
R902,8K06,R_0402_1005Metric,194.12,-95.06,-90.0,top
R903,12K,R_0402_1005Metric,195.27,-98.79,180.0,bottom
R904,4K7,R_0402_1005Metric,195.17,-99.56,180.0,top
R905,510,R_0402_1005Metric,192.86,-101.37,180.0,top
SW300,SKRPANE010,SKRPANE010,119.93,-74.58,90.0,top
SW301,219-3LPST,219-3LPST,129.425,-65.89,270.0,bottom
SW400,SKRPANE010,SKRPANE010,118.165,-110.91,-90.0,top
U100,LS1205EVD33,TDFN-10_L3.0-W3.0-P0.50-BL-EP-2.3-1,185.48,-106.84,270.0,bottom
U101,SY8003ADFC,DFN-8_L2.0-W2.0-P0.50-LS2.0-BL-EP,146.34,-115.54,90.0,top
U102,SY8003ADFC,DFN-8_L2.0-W2.0-P0.50-LS2.0-BL-EP,164.21,-115.36,90.0,top
U103,SY8003ADFC,DFN-8_L2.0-W2.0-P0.50-LS2.0-BL-EP,129.98,-115.46,90.0,top
U104,SY8003ADFC,DFN-8_L2.0-W2.0-P0.50-LS2.0-BL-EP,182.71,-115.38,90.0,top
U105,BD3539FVM-TR,MSOP-8_L2.9-W2.8-P0.65-LS4.0-BL,131.17,-68.085,90.0,top
U300,FT2232HL-REEL,LQFP-64_L10.0-W10.0-P0.50-LS12.0-TL,172.48,-97.74,180.0,top
U301,93LC56BT-I/SN,SOIC-8_L5.0-W4.0-P1.27-LS6.0-BL,173.655,-107.27,270.0,bottom
U400,SN74LVC1G07DRLR,SOT-553-5_L1.6-W1.2-P0.50-LS1.6-BL,181.0,-115.14,270.0,bottom
U401,SN74LVC1G07DRLR,SOT-553-5_L1.6-W1.2-P0.50-LS1.6-BL,178.3875,-69.975,180.0,top
U402,W25Q128JVEIQ,WSON-8_L6.0-W8.0-P1.27-BL-EP,143.5,-74.365,-90.0,top
U403,MTFC8GAKAJCN-4M_IT,FBGA-153_L13.0-W11.5-P0.50_KLMAG1JETD-B041,157.42,-72.58,180.0,top
U6,XC7Z020-2CLG400I,Xilinx_CLG400,151.22,-93.51,0.0,top
U700,MT41K256M16TW-107 IT:P,FBGA-96_L14.0-W8.0-R16-C6-P0.80-TL,128.86,-85.72,-90.0,top
U701,MT41K256M16TW-107 IT:P,FBGA-96_L14.0-W8.0-R16-C6-P0.80-TL,128.7659,-101.33,-90.0,top
U800,RTL8211F-CG,WQFN-40_L5.0-W5.0-P0.4-BL-EP,179.29,-80.92,90.0,top
U900,USB3320C-EZK-TR,QFN-32_L5.0-W5.0-P0.50-BL-EP3.4,189.9,-97.51,-90.0,top
U901,MIC2099-1YMT-TR,UDFN-6_L1.6-W1.6-P0.50-BL-EP1.2,192.96,-103.41,180.0,top
X300,12Mhz-TXC Corp,XTAL_2520,181.295,-104.315,90.0,top
X400,ECS-2520MV-33.3,XTAL_2520,143.805,-79.515,180.0,bottom
X800,ECS-2520MV-250,XTAL_2520,182.15,-89.13,90.0,top
X900,ECS-2520MV-130-BN,XTAL_2520,194.825,-92.185,180.0,top
